{
  "project_info": {
    "project_number": "507769517103",
    "project_id": "parkfast2",
    "storage_bucket": "parkfast2.firebasestorage.app"
  },
  "client": [
    {
      "client_info": {
        "mobilesdk_app_id": "1:507769517103:android:0e9e9c2716527e3034c2da",
        "android_client_info": {
          "package_name": "com.example.parkfast2"
        }
      },
      "oauth_client": [
        {
          "client_id": "507769517103-s5ekb7fremrjc0f3rnvmjclsf09a8r3e.apps.googleusercontent.com",
          "client_type": 1,
          "android_info": {
            "package_name": "com.example.parkfast2",
            "certificate_hash": "e3735f0dc2b2f9c8fb8a81d61726297b47e17aef"
          }
        },
        {
          "client_id": "507769517103-cfdtp08pa99akp7g5ffiocmfvm2muumd.apps.googleusercontent.com",
          "client_type": 3
        }
      ],
      "api_key": [
        {
          "current_key": "AIzaSyBkOhDlbmXqSX5gZrJIjUGRSEw48D-Jj98"
        }
      ],
      "services": {
        "appinvite_service": {
          "other_platform_oauth_client": [
            {
              "client_id": "507769517103-cfdtp08pa99akp7g5ffiocmfvm2muumd.apps.googleusercontent.com",
              "client_type": 3
            }
          ]
        }
      }
    }
  ],
  "configuration_version": "1"
}